<?xml version="1.0" encoding="utf-8" ?>
<dwsync>
<file name="reset.css" server="C:/AppServ/www/contrast/" local="130125491489715174" remote="130125491480000000" />
<file name="typography.css" server="C:/AppServ/www/contrast/" local="130125491501885870" remote="130125491500000000" />
<file name="global.css" server="C:/AppServ/www/contrast/" local="130125491475014333" remote="130125491470000000" />
<file name="elements.css" server="C:/AppServ/www/contrast/" local="130125491474864325" remote="130125491470000000" />
<file name="shortcodes.css" server="C:/AppServ/www/contrast/" local="130125491502185887" remote="130125491500000000" />
<file name="widgets.css" server="C:/AppServ/www/contrast/" local="130125491502305894" remote="130125491500000000" />
<file name="menu.css" server="C:/AppServ/www/contrast/" local="130125491489565165" remote="130125491480000000" />
<file name="jquery.flexslider.css" server="C:/AppServ/www/contrast/" local="130125491476954444" remote="130125491470000000" />
<file name="jquery.tweet.css" server="C:/AppServ/www/contrast/" local="130125491487375040" remote="130125491480000000" />
<file name="jquery.isotope.css" server="C:/AppServ/www/contrast/" local="130125491486564994" remote="130125491480000000" />
<file name="jquery.jcarousel.css" server="C:/AppServ/www/contrast/" local="130125491487115025" remote="130125491480000000" />
<file name="main.css" server="C:/AppServ/www/contrast/" local="130125491490755234" remote="130125491490000000" />
<file name="responsive-gs-12col.css" server="C:/AppServ/www/contrast/" local="130125491489855182" remote="130125491480000000" />
<file name="mediaqueries.css" server="C:/AppServ/www/contrast/" local="130125491489585167" remote="130125491480000000" />
</dwsync>