<?xml version="1.0" encoding="utf-8" ?>
<dwsync>
<file name="shadow1.png" server="C:/AppServ/www/contrast/" local="130125491658754843" remote="130125491650000000" />
<file name="shadow2.png" server="C:/AppServ/www/contrast/" local="130125491660854963" remote="130125491660000000" />
<file name="shadow3.png" server="C:/AppServ/www/contrast/" local="130125491660874964" remote="130125491660000000" />
<file name="boxed_bgtile.png" server="C:/AppServ/www/contrast/" local="130125491642863934" remote="130125491640000000" />
<file name="navigdots_bgtile.png" server="C:/AppServ/www/contrast/" local="130125491656734727" remote="130125491650000000" />
<file name="bullet.png" server="C:/AppServ/www/contrast/" local="130125491644324017" remote="130125491640000000" />
<file name="bullets.png" server="C:/AppServ/www/contrast/" local="130125491648414251" remote="130125491640000000" />
<file name="bullets2.png" server="C:/AppServ/www/contrast/" local="130125491648624263" remote="130125491640000000" />
<file name="bullet_boxed.png" server="C:/AppServ/www/contrast/" local="130125491648224240" remote="130125491640000000" />
<file name="navigdots.png" server="C:/AppServ/www/contrast/" local="130125491656694725" remote="130125491650000000" />
<file name="large_left.png" server="C:/AppServ/www/contrast/" local="130125491649564317" remote="130125491640000000" />
<file name="large_right.png" server="C:/AppServ/www/contrast/" local="130125491650854391" remote="130125491650000000" />
<file name="small_left.png" server="C:/AppServ/www/contrast/" local="130125491662015029" remote="130125491660000000" />
<file name="small_right.png" server="C:/AppServ/www/contrast/" local="130125491667465341" remote="130125491660000000" />
<file name="arrow_left.png" server="C:/AppServ/www/contrast/" local="130125491636343561" remote="130125491630000000" />
<file name="arrow_right.png" server="C:/AppServ/www/contrast/" local="130125491637153607" remote="130125491630000000" />
<file name="small_left_boxed.png" server="C:/AppServ/www/contrast/" local="130125491663245099" remote="130125491660000000" />
<file name="small_right_boxed.png" server="C:/AppServ/www/contrast/" local="130125491668985428" remote="130125491660000000" />
<file name="arrowleft.png" server="C:/AppServ/www/contrast/" local="130125491644314017" remote="130125491640000000" />
<file name="arrowright.png" server="C:/AppServ/www/contrast/" local="130125491646424137" remote="130125491640000000" />
<file name="arrow_left2.png" server="C:/AppServ/www/contrast/" local="130125491636833589" remote="130125491630000000" />
<file name="arrow_right2.png" server="C:/AppServ/www/contrast/" local="130125491638503684" remote="130125491630000000" />
<file name="slider_button_left_sprite.png" server="C:/AppServ/www/contrast/" local="130125491660944968" remote="130125491660000000" />
<file name="slider_button_right_sprite.png" server="C:/AppServ/www/contrast/" local="130125491662035030" remote="130125491660000000" />
<file name="timer.png" server="C:/AppServ/www/contrast/" local="130125491669185439" remote="130125491660000000" />
<file name="coloredbg.png" server="C:/AppServ/www/contrast/" local="130125491649594319" remote="130125491640000000" />
<file name="loader.gif" server="C:/AppServ/www/contrast/" local="130125491655144636" remote="130125491650000000" />
</dwsync>